task,antonym,first_letter,length,linear_2x,pattern_completion,repeat_word,sentiment,uppercase
antonym,1.000000,0.735704,0.710477,0.688791,0.723828,0.746300,0.660424,0.765685
first_letter,0.735704,1.000000,0.830585,0.625447,0.664487,0.860875,0.652526,0.885974
length,0.710477,0.830585,1.000000,0.634470,0.666341,0.861370,0.694140,0.880109
linear_2x,0.688791,0.625447,0.634470,1.000000,0.751920,0.646269,0.546101,0.672822
pattern_completion,0.723828,0.664487,0.666341,0.751920,1.000000,0.707227,0.568070,0.710485
repeat_word,0.746300,0.860875,0.861370,0.646269,0.707227,1.000000,0.647626,0.934795
sentiment,0.660424,0.652526,0.694140,0.546101,0.568070,0.647626,1.000000,0.670367
uppercase,0.765685,0.885974,0.880109,0.672822,0.710485,0.934795,0.670367,1.000000
