{
  "metadata": {
    "tasks": [
      "uppercase",
      "first_letter",
      "repeat_word",
      "length",
      "linear_2x",
      "sentiment",
      "antonym",
      "pattern_completion"
    ],
    "regimes": {
      "uppercase": "procedural",
      "first_letter": "procedural",
      "repeat_word": "procedural",
      "length": "counting",
      "linear_2x": "gd_like",
      "sentiment": "bayesian",
      "antonym": "retrieval",
      "pattern_completion": "induction"
    },
    "position_type": "last_demo_token",
    "n_layers": 28,
    "n_test_per_task": 20,
    "timestamp": "2026-01-28T01:23:46.103448"
  },
  "probe_trajectory": {
    "0": 1.0,
    "1": 1.0,
    "2": 1.0,
    "3": 1.0,
    "4": 1.0,
    "5": 1.0,
    "6": 1.0,
    "7": 1.0,
    "8": 1.0,
    "9": 1.0,
    "10": 1.0,
    "11": 1.0,
    "12": 1.0,
    "13": 1.0,
    "14": 1.0,
    "15": 1.0,
    "16": 1.0,
    "17": 1.0,
    "18": 1.0,
    "19": 1.0,
    "20": 1.0,
    "21": 1.0,
    "22": 1.0,
    "23": 1.0,
    "24": 1.0,
    "25": 1.0,
    "26": 1.0,
    "27": 1.0
  },
  "representational_change": {
    "0_1": 0.2122524380683899,
    "1_2": 0.16212427616119385,
    "2_3": 0.22032880783081055,
    "3_4": 0.22295761108398438,
    "4_5": 0.217090904712677,
    "5_6": 0.2572593688964844,
    "6_7": 0.25416117906570435,
    "7_8": 0.2330036759376526,
    "8_9": 0.19755685329437256,
    "9_10": 0.18584603071212769,
    "10_11": 0.23616242408752441,
    "11_12": 0.17989003658294678,
    "12_13": 0.17211246490478516,
    "13_14": 0.1968975067138672,
    "14_15": 0.1595139503479004,
    "15_16": 0.10750532150268555,
    "16_17": 0.1060897707939148,
    "17_18": 0.08916664123535156,
    "18_19": 0.0812002420425415,
    "19_20": 0.06597769260406494,
    "20_21": 0.08561533689498901,
    "21_22": 0.05280095338821411,
    "22_23": 0.060041606426239014,
    "23_24": 0.08340424299240112,
    "24_25": 0.06580984592437744,
    "25_26": 0.08359849452972412,
    "26_27": 0.35929054021835327
  },
  "crystallization": {
    "80": 0,
    "90": 0,
    "95": 0
  },
  "regime_trajectories": {
    "bayesian": null,
    "counting": null,
    "gd_like": null,
    "induction": null,
    "procedural": {
      "0": 1.0,
      "1": 1.0,
      "2": 1.0,
      "3": 1.0,
      "4": 1.0,
      "5": 1.0,
      "6": 1.0,
      "7": 1.0,
      "8": 1.0,
      "9": 1.0,
      "10": 1.0,
      "11": 1.0,
      "12": 1.0,
      "13": 1.0,
      "14": 1.0,
      "15": 1.0,
      "16": 1.0,
      "17": 1.0,
      "18": 1.0,
      "19": 1.0,
      "20": 1.0,
      "21": 1.0,
      "22": 1.0,
      "23": 1.0,
      "24": 1.0,
      "25": 1.0,
      "26": 1.0,
      "27": 1.0
    },
    "retrieval": null
  }
}